Pofel s Týnou?||568393200|568396800|1|c4p6ccr1c4o62bb1
Pofel Váša plus řešíme oslavu||568836000|568839600|1|6gs6co9g6gq30b9j
Slučák hluboká||568922400|568926000|1|6gp30c32cos3abb6
Terka focení atík||569088000|569091600|1|chgm2pb26or36b9j
Na tahu fotos||569152800|569165400|1|60sjcopm64qj8bb2
Kroupič cut||569245500|569249100|1|64p36cr4c8s38b9k
jarcovjaková kotva?||569350800|569354400|1|4d4ken0bfdlrs3bt
focení něco na radnici||569426400|569430000|1|2j5k8aqj8mo3otgi
Schůzka s Lenkou ohledně seidla||569689200|569692800|1|coojap9j6gq3cb9n
Natáčení rašelina||569838600|569874600|1|c4rjip1g6oo3abb3
Argo focení||569923200|569937600|1|cph36cb264ojebb5
Zaplatit atík||569941200|569944800|1|68p68opn6ss6abb3
Divadlo||570048300|570054600|1|6hi64phg64q32b9p
Seban ajg pofel široko||570132000|570135600|1|cgqm8p9j60s34b9h
Lenka drncu fotos?||570304800|570319200|1|clgm4pb374rm2b9m
Revize plynu 13. Patro||570643200|570646800|1|74p3adj574rjib9h
Matěj fotos||570711600|570715200|1|68q3gp1o6tgj8b9k
narozky?||570826800|570830400|1|3l0o55c537cqnfhf
Kooperativa Páral schůzka u igy||570981600|570985200|1|65hjcdhjc8r3gb9j
Terka šaty fotos||571158000|571161600|1|6dj34c33c4q6cb9i
Ovboi meeting na máji||571244400|571248000|1|6li6ap9l6di6abb2
Chata kuní?||572018400|572022000|1|clhjcd1oc5j62b9k
Ovb schůzka||572270400|572274000|1|2tuqqjee7a0nggtd
Gina fotos||572464800|572482800|1|ccr38e9jclh3cb9i
Ovb meeting foto a metlife||572794200|572797800|1|6pj6cp9n69hjib9p
Natahu fotos zdenda maty, vzít blesk||572963400|572970600|1|6li30ophccoj8b9m
Focení atík sportovci||573741000|573744600|1|ccq62pb3cgo34bb3
Vernisáž kavárna cafedu škrétova 490||573760800|573764400|1|cdi68cj3ccs6cb9p
Lshs žižkárna||573760800|573764400|1|cph36dr26gojgb9p
Burleska||573850800|573861600|1|694ms2280ubd6jt4
Pofel lenka||574102800|574120800|1|60p30d1o61gjeb9g
Týna pofel||574185600|574189200|1|cpj62php6srj2bb4
Vzít andyho do prg?||574362000|574365600|1|6cq3cp9n71h68b9i
Orozovič|#Kulturní centrum Modřany|574369200|574374600|1|coq68o9icksm8b9p
Oběd praha bonacia||574527600|574531200|1|ckp3ec1ichgjabb1
Zaplatit zahrádkáře||574768800|574772400|1|c4qjacj668p38bb2
Evelína čtení v sudu||574887600|574891200|1|c9gjad1p6oqm2bb3
Procházka drtikol prg?||574966800|574970400|1|6cs38chh61h64b9o
Pofel lucka kiri||574975800|574979400|1|75h3ep3165ij2bb6
Výlet neplecha pardubice||575082000|575168400|1|2drg5c122p2bg3mi
Odvezt papír a počítač||575229600|575233200|1|3ad03j6j76693ke3
Praha magie|#Divadlo U Hasičů, Římská 2135/45, Vinohrady, 120 00 Praha-Praha 2, Česko|575406000|575409600|1|68rjgcpj6dim4b9k
Zaplatit pojistku za auto||575514000|575600400|1|6tj6aor6cgr34b9g
Shrabat v kuní listí||575564400|575654400|1|74ojidj56ksm8b9p
Stěhování lucinka||575686800|575773200|1|64rjipb26som4bb2
Natáčení kravičky||575812800|575834400|1|c8r32cpo60pjcbb6
Kroupič||575888400|575892000|1|cop66cb3cosjcb9g
Točba rašelina||575949600|576036000|1|3nb7mrsv5hbbcf7m
ovb fotos||576167400|576171000|1|3edc463o56cdpi9j
Svetadilna zbuch?||576259200|576262800|1|61h34d1h6lh38b9l
Mc kirilucka?||576601200|576604800|1|ckrm4e1h6gpmcbb3
Vyzvednout z nuartu kameru, mic, stativ, trafo||576669600|576673200|1|c4sj4pj660r38b9k
Foto svatba bětky táta?||576765000|576770400|1|c4s66pb164rm2bb6
Krajská přehlídka scénického tance (čas upřesní)|-::~:~::~:~:~:~:~:~:~:~:~:~:~:~:~:~:~:~:~:~:~:~:~:~:~:~:~:~:~:~:~:~:~:~:~:~:~:~::~:~::-#Join with Google Meet: https://meet.google.com/cbo-saaz-swb##Learn more about Meet at: https://support.google.com/a/users/answer/9282720##Please do not edit this section.#-::~:~::~:~:~:~:~:~:~:~:~:~:~:~:~:~:~:~:~:~:~:~:~:~:~:~:~:~:~:~:~:~:~:~:~:~:~:~::~:~::-|576853200|576871200|1|2sihcm64pgkvrdo8
Hamlet národní divadlo||577562400|577566000|1|74o68c9o6gp3ab9m
Literatura žije?||577591200|578196000|1|chi3aopl6di3ebb3
Folklór tance?||578145600|578149200|1|corj0cj2chi3eb9l
Přehlídky dětských folklorních souborů (upřesní čas)|-::~:~::~:~:~:~:~:~:~:~:~:~:~:~:~:~:~:~:~:~:~:~:~:~:~:~:~:~:~:~:~:~:~:~:~:~:~:~::~:~::-#Join with Google Meet: https://meet.google.com/fjt-gtch-rbp##Learn more about Meet at: https://support.google.com/a/users/answer/9282720##Please do not edit this section.#-::~:~::~:~:~:~:~:~:~:~:~:~:~:~:~:~:~:~:~:~:~:~:~:~:~:~:~:~:~:~:~:~:~:~:~:~:~:~::~:~::-|578149200|578167200|1|20bilusqe6j3glal
Natáčení rašelina?||578282400|578368800|1|6orm2dr164sj6bb3
Podat daňové přiznání||578401200|578404800|1|3gmba6u04b2ni3l4
Nastavit platbu nového životního pojištění||578485800|578489400|1|6sqjaopgckq64b9g
Focení burleska tábor?||579031200|579034800|1|6hgmcdj168r3gb9p
Zaplatit parkování!||579085200|579088800|1|65gm6e9j6lh3ibb4
Mooneight žižkárna :D||579816000|579819600|1|chij2ophc4sjebb1
Natáčení ZUŠ?||580152600|580166100|1|6krm2pj56dj36b9m
Open stage burleska fotos? Čas se upřesní||581108400|581112000|1|c4sjcp33clhjab9k
Voda?||586872000|587307600|1|cphm2or669gjib9l
